,residue,q8(g),q8(h),q8(i),q8(b),q8(e),q8(s),q8(t),q8(c),q3(h),q3(e),q3(c),disorder(p_f),disorder(p_t),rsa,phi,psi,q8,q3
0,M,0.0071379594,0.03604876,0.00024611672,0.010902616,0.008272813,0.024958044,0.032060914,0.88037276,0.060335655,0.018330924,0.92133343,0.950832,0.04916804,0.6781115,-79.76589,99.1078,C,C
1,N,0.048254084,0.7895159,0.0013831481,0.0005163745,0.0003368342,0.0149105815,0.065061234,0.08002178,0.83479387,0.0006831219,0.16452307,0.99283546,0.0071644634,0.096311115,-66.38276,-34.482494,H,H
2,I,0.04141335,0.9074078,0.003511108,0.00017062934,0.00011109821,0.0034839904,0.024104076,0.019798001,0.95178723,0.00019977169,0.048012972,0.99624497,0.00375498,0.23751403,-62.10826,-38.211037,H,H
3,F,0.046634145,0.9052864,0.006319763,0.00014260391,0.0003175762,0.003339603,0.019095182,0.018864738,0.9611467,0.0003543696,0.038498927,0.9950052,0.0049948236,0.5904951,-67.79674,-36.369316,H,H
4,E,0.029381374,0.92852473,0.008438767,0.0002542686,0.00028356086,0.0028965634,0.017352821,0.0128679145,0.9676096,0.00045656253,0.031933833,0.99704653,0.0029535268,0.26955435,-67.85526,-38.20974,H,H
5,M,0.015298144,0.94075775,0.011381595,0.0003022639,0.0002634131,0.0033284074,0.016025508,0.012643003,0.96570754,0.00056020985,0.03373224,0.9974976,0.0025023846,0.02878248,-65.28588,-39.18623,H,H
6,L,0.019476267,0.94158584,0.010092886,0.0001600369,0.0002751104,0.0018810382,0.015557019,0.010971785,0.9714792,0.0004135069,0.02810725,0.998072,0.0019279546,0.3252254,-63.09138,-38.982567,H,H
7,R,0.0458776,0.8546434,0.02407544,0.00028740638,0.000601676,0.0050685345,0.053882383,0.015563581,0.9246075,0.00079913053,0.0745934,0.9967373,0.0032626635,0.49365038,-72.42623,-32.61037,H,H
8,I,0.044212125,0.8063276,0.04052075,0.0006601555,0.00043016375,0.008493654,0.08175232,0.017603168,0.9035686,0.0009207429,0.09551064,0.9962484,0.0037515606,0.1359378,-78.76751,-29.12757,H,H
9,D,0.04556204,0.5836543,0.023848696,0.004969753,0.0029041688,0.04500425,0.23553711,0.058519743,0.62105703,0.008592155,0.37035084,0.9970414,0.0029586272,0.11303383,-88.996254,-8.618897,H,H
10,E,0.035268176,0.04621751,0.0064997603,0.004625374,0.007130517,0.15357853,0.5529875,0.19369268,0.099683315,0.013724412,0.88659227,0.9962298,0.00377011,0.22634768,81.38049,7.714144,T,C
11,G,0.036454957,0.027863989,0.0020867197,0.029471995,0.079199,0.18278162,0.11483991,0.52730185,0.06799494,0.09605654,0.8359485,0.9965648,0.0034352657,0.07525083,-92.45603,126.93091,C,C
12,L,0.029420992,0.028974628,0.0018474559,0.05789926,0.27059674,0.12682933,0.062161766,0.42226988,0.06310563,0.3208495,0.6160449,0.9967604,0.0032395488,0.38653475,-104.35633,118.796394,C,C
13,R,0.048300512,0.03530829,0.0017281242,0.022318214,0.30285966,0.1965825,0.08148156,0.31142125,0.08399389,0.3250946,0.5909115,0.998111,0.0018889704,0.15064315,-98.67661,112.31676,C,C
14,L,0.018224407,0.017933074,0.0007942451,0.042733397,0.42360166,0.11640813,0.030471241,0.34983388,0.03972963,0.4760938,0.48417658,0.99646735,0.0035326232,0.43521947,-113.625,137.00151,E,C
15,K,0.011689887,0.012989839,0.0007317314,0.05420522,0.5803825,0.043932788,0.021738902,0.27432916,0.02576302,0.6429805,0.33125642,0.99524915,0.0047508692,0.20909202,-85.82754,134.8157,E,E
16,I,0.009812857,0.00951165,0.00063348014,0.03588753,0.4050368,0.11056299,0.021306587,0.40724805,0.021315614,0.4616763,0.51700807,0.9891361,0.01086386,0.21870159,-108.37026,148.72168,C,C
17,Y,0.0049198107,0.004420741,0.0002792769,0.10713602,0.40504986,0.036101405,0.016187837,0.4259051,0.010217484,0.54086405,0.44891846,0.98710024,0.01289977,0.47285315,-88.26519,133.64651,C,E
18,K,0.002806017,0.0020675045,3.0983832e-05,0.05378702,0.07551253,0.023163682,0.023000091,0.81963223,0.0079341885,0.12347254,0.8685933,0.98973244,0.01026756,0.060036175,-85.04649,157.53299,I,C
19,D,0.015368214,0.004358311,7.308458e-05,0.0008500041,0.0022853892,0.17722869,0.74044317,0.059393097,0.025812421,0.0050810226,0.9691066,0.9871976,0.01280241,0.43303207,-75.19886,-24.626406,I,C
20,T,0.022316962,0.01000262,0.00014341979,0.0012608125,0.00081898365,0.15251048,0.78526294,0.027683891,0.039790273,0.0023915328,0.95781815,0.9891649,0.010835092,0.49577582,-96.19113,-4.6629457,T,C
21,E,0.0060479706,0.0007979759,0.00026189286,0.0019242264,0.0068252967,0.6627723,0.11970562,0.20166475,0.006098452,0.01048549,0.9834161,0.98818845,0.011811635,0.42632,88.33303,9.833772,S,C
22,G,0.00064359076,0.0008028092,2.8927258e-05,0.053388152,0.07741119,0.11578322,0.0040406818,0.7479014,0.0024284758,0.1284273,0.8691442,0.9898253,0.010174762,0.33446628,-92.14638,139.45845,I,C
23,Y,0.001410634,0.0012612041,7.0440015e-05,0.121938914,0.6325811,0.017394513,0.005098628,0.22024466,0.0031441266,0.76805365,0.22880222,0.99450976,0.005490298,0.24558118,-74.67633,129.80287,I,E
24,Y,0.004606871,0.0040508504,9.66662e-05,0.031008996,0.50246376,0.052402172,0.013787422,0.3915833,0.009815334,0.53264886,0.45753583,0.9949823,0.005017697,0.08270552,-100.131935,128.50342,I,E
25,T,0.005823465,0.006805257,0.00032818108,0.02919173,0.8256812,0.0256754,0.011301227,0.095193654,0.01460597,0.8470133,0.13838068,0.995862,0.0041379943,0.05086082,-108.58727,120.281075,E,E
26,I,0.003999536,0.0033110473,0.00048657152,0.019386679,0.80649936,0.031615846,0.0119882915,0.122712635,0.00811197,0.823468,0.16841996,0.9973779,0.0026222004,0.050010026,-126.424255,158.07596,E,E
27,G,0.008234644,0.008290302,0.00041770743,0.05262888,0.68064386,0.048016835,0.024809249,0.17695855,0.015026169,0.7441725,0.24080132,0.9983991,0.0016009675,0.034245797,-112.80251,129.32768,E,E
28,I,0.11606709,0.039917614,0.004989146,0.02152429,0.15729347,0.15040267,0.2720295,0.2377763,0.1177239,0.20919758,0.67307854,0.99293643,0.0070635607,0.1686517,74.23977,178.39532,T,C
29,G,0.14310712,0.03778664,0.0016854572,0.01018667,0.048603285,0.19064994,0.3653615,0.20261934,0.13323887,0.06934117,0.79742,0.9927348,0.0072651533,0.17945443,-88.44416,5.211277,T,C
30,H,0.131508,0.040155288,0.0019732818,0.013930385,0.048602246,0.15637837,0.31883305,0.2886194,0.12758748,0.074032426,0.7983801,0.99118817,0.008811842,0.24265195,-89.826965,25.728016,T,C
31,L,0.12012682,0.065051615,0.0030067742,0.07529931,0.12864913,0.114615306,0.12543043,0.36782056,0.1634742,0.22205567,0.61447006,0.98190546,0.018094465,0.11059896,-81.07534,65.760086,C,C
32,L,0.06936139,0.06347003,0.0020338048,0.02753045,0.070251234,0.24859262,0.13698503,0.38177547,0.13555968,0.101804286,0.762636,0.9753735,0.024626462,0.571944,-92.00491,-28.28984,C,C
33,T,0.056710903,0.045424156,0.0017953595,0.011944222,0.03004057,0.46892118,0.15768355,0.22748007,0.13696541,0.05728657,0.80574805,0.96707994,0.032920107,0.70098627,-94.01567,-5.862906,S,C
34,K,0.0034791008,0.0029608225,7.378238e-05,0.0065068365,0.0112436535,0.52375907,0.017234476,0.4347423,0.008759519,0.02223235,0.9690081,0.9702992,0.029700844,0.50721943,-112.24066,131.22362,I,C
35,S,0.0033146748,0.0038284138,1.9232188e-05,0.0017455245,0.0039179465,0.24019058,0.041147284,0.70583636,0.0103348335,0.0064401724,0.983225,0.96532905,0.034670908,0.43580577,-68.50546,75.28535,I,C
36,P,0.0020430502,0.012384857,4.0746443e-05,0.014531514,0.008159703,0.23214059,0.0148169035,0.7158826,0.018976208,0.018032975,0.9629908,0.9737005,0.026299493,0.42912295,-105.10546,154.23318,I,C
37,S,0.018678479,0.9234557,0.0002818999,0.00017426879,0.00037531118,0.00926169,0.014852264,0.032920334,0.92919564,0.0006963343,0.07010813,0.9757909,0.024209108,0.28637975,-61.318623,-38.38694,H,H
38,L,0.013384473,0.9523667,0.00019114178,5.346013e-05,0.0004388641,0.0026091163,0.010554977,0.02040103,0.96143097,0.00046233015,0.038106702,0.98082846,0.019171497,0.78063524,-65.54649,-40.344307,B,H
39,N,0.008801258,0.96087515,0.0004968686,0.00011091587,0.00033414632,0.0018301645,0.009600974,0.017950533,0.9639807,0.00046210742,0.03555728,0.9837294,0.01627063,0.43763548,-68.76695,-39.198692,H,H
40,A,0.0029688273,0.9719221,0.0006988908,6.262651e-05,0.00015980485,0.0023630413,0.0074296743,0.014395041,0.9656493,0.00029100713,0.034059655,0.98976046,0.010239502,0.031910326,-65.94216,-42.104324,B,H
41,A,0.0014368582,0.98789805,0.0005717637,3.973686e-05,0.00012754659,0.0005117145,0.0025571135,0.006857309,0.987845,0.00024501822,0.01190988,0.9900101,0.0099899545,0.30367577,-61.26637,-42.67186,B,H
42,K,0.0011938404,0.9901571,0.000615169,1.4806993e-05,0.00013468612,0.00035660274,0.002358627,0.005169322,0.9906403,0.00015413658,0.009205597,0.9934511,0.0065488433,0.60895467,-65.471054,-41.016785,B,H
43,S,0.0014214786,0.9891726,0.0013735245,3.615964e-05,0.000106487074,0.00041104708,0.0036337206,0.0038448977,0.9895895,0.00018852769,0.010221959,0.99162877,0.008371222,0.34794727,-68.27419,-41.87339,B,H
44,E,0.001109105,0.99071467,0.0014205474,3.5345434e-05,9.699462e-05,0.00044391767,0.0028523235,0.0033272372,0.99100935,0.00017340781,0.008817245,0.99589264,0.0041073323,0.015796343,-64.58729,-43.329685,E,H
45,L,0.0024930625,0.98732865,0.0015259621,3.5701833e-05,9.62031e-05,0.0003356699,0.003805028,0.0043796566,0.9908522,0.00014816686,0.008999709,0.993483,0.0065169362,0.37446186,-62.09676,-41.265434,E,H
46,D,0.003079368,0.9790142,0.002073872,1.83473e-05,0.0001572842,0.0006225429,0.0094733555,0.005560947,0.977303,0.0001721759,0.022524819,0.99405694,0.0059430464,0.7175192,-68.149414,-37.717663,B,H
47,K,0.0043759835,0.94962174,0.004146363,7.794497e-05,9.151969e-05,0.0016275654,0.031153388,0.008905484,0.93992925,0.00019399819,0.059876803,0.99124545,0.00875457,0.23054086,-72.1449,-34.551403,E,H
48,A,0.006303361,0.8230692,0.004797428,0.00034731976,0.00021670427,0.013604078,0.13379495,0.017866775,0.7844209,0.00093547645,0.21464366,0.98850447,0.011495572,0.13431706,-97.70665,-14.119777,H,H
49,I,0.005517463,0.013506217,0.0005262774,0.00065770536,0.0008053518,0.09890384,0.49899945,0.38108373,0.018566778,0.0012189538,0.98021424,0.9648497,0.035150338,0.6839622,76.8835,18.114498,T,C
50,G,0.014047669,0.015098793,0.00061497267,0.008594492,0.005618952,0.26344475,0.051485974,0.6410944,0.04040957,0.011221203,0.9483692,0.9411164,0.05888366,0.41864777,-98.44253,144.75867,C,C
51,R,0.0128627205,0.0098480685,0.0001123446,0.004845129,0.0069893096,0.121481225,0.054794114,0.78906703,0.03056952,0.010685661,0.9587448,0.9419554,0.058044612,0.68841904,-96.657036,103.57248,C,C
52,N,0.05448738,0.019490909,0.00034640165,0.006562314,0.008710004,0.22149234,0.2649069,0.4240037,0.07085691,0.0126263285,0.91651684,0.9324976,0.06750237,0.43140343,-88.28703,18.420164,C,C
53,T,0.026881067,0.011078959,0.00013113991,0.0024351557,0.0069122035,0.25599912,0.3360111,0.36055127,0.039158557,0.007973299,0.95286816,0.94568235,0.054317676,0.79571146,-79.46455,28.253593,C,C
54,N,0.016071925,0.006058195,0.00025471702,0.006817992,0.021937417,0.44054076,0.07130484,0.43701416,0.029787496,0.033432692,0.93677974,0.98073316,0.019266803,0.26378563,-82.05127,145.45346,S,C
55,G,0.0037468208,0.0037326138,8.3157734e-05,0.1203492,0.10596312,0.086198166,0.013490231,0.6664367,0.010861054,0.21757153,0.77156746,0.98555714,0.014442842,0.3946212,-104.5176,138.74748,I,C
56,V,0.0003739037,0.0010287315,2.9304547e-05,0.08966853,0.18329698,0.071550034,0.0017545016,0.6522981,0.0018416907,0.26779315,0.73036516,0.99346465,0.0065353285,0.029936241,-99.71371,136.20084,I,C
57,I,7.759081e-05,0.0014300303,5.2688333e-06,0.006610083,0.02542645,0.01073235,0.0007849241,0.95493335,0.0024404654,0.04426481,0.9532947,0.99464107,0.005358966,0.32437083,-78.63792,166.22383,G,C
58,T,0.0021849067,0.9894577,0.000138848,1.1630779e-05,5.9426337e-05,0.0017512557,0.0028698358,0.0035263146,0.9870881,0.0001340601,0.012777913,0.9963058,0.003694155,0.51912916,-57.54277,-42.38169,E,H
59,K,0.0015087116,0.99418986,0.000109540306,4.0068635e-06,4.8298385e-05,0.00033930264,0.0013745946,0.0024256455,0.99417454,5.9305e-05,0.0057661813,0.9976133,0.0023867167,0.7762868,-66.03954,-43.390137,E,E
60,D,0.0018974397,0.9922849,0.0004376279,2.2880582e-05,9.6563555e-05,0.0003387659,0.0020277628,0.00289402,0.99335927,0.00014612298,0.0064946343,0.9974349,0.0025650996,0.31073752,-67.69243,-41.783432,E,H
61,E,0.00040119176,0.9960269,0.00053605065,1.035977e-05,5.0113325e-05,0.00019472804,0.00089496555,0.00188581,0.9959843,8.380272e-05,0.0039318227,0.9992454,0.00075458793,0.013106922,-63.281742,-43.646927,E,E
62,A,0.00034028955,0.9971072,0.0007129895,9.542646e-06,4.8306978e-05,8.139928e-05,0.00056708325,0.0011332437,0.99783,9.735307e-05,0.002072736,0.9977235,0.0022765086,0.31526017,-62.45821,-42.75184,B,E
63,E,0.0003208154,0.99706954,0.0010093114,4.975434e-06,5.966062e-05,7.7277145e-05,0.0005542085,0.0009041708,0.9978967,8.221329e-05,0.002021157,0.99892944,0.001070589,0.5740966,-65.54974,-42.076782,S,E
64,K,0.00029102692,0.9964736,0.0018225099,8.40864e-06,2.9913568e-05,6.12492e-05,0.0006684691,0.0006448431,0.9982492,5.4863474e-05,0.0016959975,0.9991605,0.0008394303,0.0955737,-65.18488,-43.939182,B,E
65,L,0.00028307084,0.99120295,0.0062206113,2.499694e-05,5.7745707e-05,0.0001616739,0.0012874042,0.0007615836,0.9972759,0.00013191588,0.0025921173,0.9993771,0.0006229265,0.023109375,-64.464325,-42.695606,E,H
66,F,0.0004882079,0.9873892,0.009420133,1.7237171e-05,6.97319e-05,0.00018499674,0.001337353,0.0010930954,0.9966558,0.00012887342,0.0032152643,0.9992267,0.00077328435,0.4351446,-64.84905,-41.553703,E,H
67,N,0.00085013045,0.9629875,0.030874783,1.8257575e-05,0.0001086226,0.00038989072,0.0033384361,0.0014324775,0.99294347,0.00016433171,0.0068922453,0.999458,0.00054196717,0.56698716,-70.121,-39.3956,B,H
68,Q,0.00083833357,0.9370781,0.054664183,6.4780244e-05,8.322472e-05,0.00059865764,0.0050904243,0.0015822017,0.9924297,0.00023437248,0.007336014,0.9984744,0.0015255415,0.19594106,-71.31413,-40.97449,E,H
69,D,0.0002920434,0.99127674,0.0055707786,2.2885648e-05,4.7457215e-05,0.00031105356,0.001360235,0.0011187894,0.995987,0.00013221007,0.0038807155,0.9997309,0.00026910278,0.010777285,-65.013565,-42.595177,E,H
70,V,0.0003202194,0.9977774,0.0009845761,3.0781016e-06,1.7923963e-05,4.1275805e-05,0.00036667672,0.00048877246,0.9988111,3.7352682e-05,0.0011514871,0.9993794,0.0006205172,0.4414162,-60.537064,-42.97074,S,E
71,D,0.00040447206,0.99761033,0.00091875246,2.7026535e-06,1.6600949e-05,5.5230044e-05,0.00046735117,0.00052448176,0.9982497,2.626935e-05,0.0017239088,0.99945337,0.0005466244,0.35131818,-64.22697,-41.20158,S,E
72,A,0.00050962134,0.9957408,0.0016604131,9.0977055e-06,2.4441873e-05,9.779286e-05,0.0011900244,0.00076784595,0.997182,4.6913276e-05,0.0027710584,0.9988747,0.0011252622,0.046289187,-66.01872,-42.852196,S,E
73,A,0.0005468639,0.99274135,0.002176591,2.7356602e-05,6.9000154e-05,0.00025725228,0.002554293,0.0016272394,0.99339396,0.00015823753,0.0064478093,0.9991862,0.0008138124,0.03416469,-65.46959,-40.45396,E,H
74,V,0.0012534283,0.9869457,0.003291011,1.8814177e-05,0.00011828898,0.00034041877,0.0049041887,0.003128305,0.98880005,0.00019284728,0.011007058,0.99778324,0.0022168031,0.5349774,-63.149666,-40.245304,B,H
75,R,0.0024874127,0.9791749,0.003715267,3.0496607e-05,7.8055e-05,0.00078461494,0.008880824,0.0048483647,0.9776424,0.00013958279,0.022217948,0.9985154,0.001484598,0.17323782,-64.78094,-40.734055,E,H
76,G,0.008647723,0.9609658,0.0030431116,9.7416065e-05,0.0001301668,0.0013341204,0.01936914,0.006412627,0.9708655,0.00022463386,0.02890991,0.99793565,0.0020643924,0.021405036,-65.7859,-37.62534,B,H
77,I,0.021631522,0.8610291,0.0023100595,0.00036699855,0.00026343166,0.0045572133,0.09580817,0.014033464,0.8776179,0.0006900754,0.121692,0.9965844,0.0034155645,0.28343013,-69.281685,-28.441036,H,H
78,L,0.0240189,0.5183486,0.0010792334,0.00020523871,0.00042444727,0.016965546,0.4167692,0.022188872,0.5425792,0.0011018802,0.4563189,0.99486154,0.005138436,0.75075203,-86.88381,-17.37706,H,H
79,R,0.0030336296,0.0139916865,0.000114920025,0.0011959283,0.0006046802,0.49240652,0.028257212,0.4603955,0.016520413,0.001189911,0.9822896,0.99230266,0.0076974174,0.28217316,-100.433525,119.10265,S,C
80,N,0.2452013,0.14316675,0.0005902054,0.000246105,0.00030264328,0.06248502,0.5039214,0.04408656,0.46776876,0.0006967708,0.5315345,0.98458797,0.015412001,0.74569416,-63.244995,-28.0376,T,C
81,A,0.25623086,0.14129363,0.00033526044,0.00035026547,0.0002964843,0.021819236,0.54521805,0.034456138,0.44434467,0.0007857631,0.5548696,0.9879532,0.012046797,0.6735433,-73.712685,-18.580019,T,C
82,K,0.22670926,0.35736784,0.003985607,0.0020162966,0.0016905155,0.0849712,0.20932548,0.1139338,0.56849617,0.0031847982,0.42831904,0.9955812,0.0044187983,0.036153797,-88.62797,-11.8954935,H,H
83,L,0.046729762,0.87226295,0.0023797224,0.0002890369,0.00012402462,0.0060832934,0.04105909,0.031072076,0.9015089,0.0002976442,0.09819336,0.99640584,0.0035941799,0.38726005,-57.081398,-44.416626,H,H
84,K,0.041608863,0.93772477,0.0009730854,5.2394313e-05,6.4064225e-05,0.001400794,0.013432535,0.004743466,0.98247266,0.00011221344,0.017415157,0.99782,0.0021799558,0.63117826,-61.953526,-38.397446,E,H
85,P,0.05642586,0.9308246,0.0018955573,0.00015887918,0.0001272518,0.0006700703,0.007090395,0.0028072475,0.9917242,0.00022435933,0.008051442,0.9972187,0.0027812636,0.16279316,-67.58435,-38.73947,H,H
86,V,0.04750935,0.9350874,0.003053225,0.00021765288,0.00013721488,0.0007878536,0.009982567,0.00322473,0.98850787,0.00023120256,0.01126091,0.99845576,0.0015442299,0.020899735,-63.95609,-35.708874,H,H
87,Y,0.06943677,0.7902036,0.00095138693,0.0001806911,0.00013401124,0.0028897622,0.12755662,0.008647154,0.8783695,0.00032296768,0.12130759,0.9979329,0.0020671133,0.5563638,-67.86935,-25.498102,H,H
88,D,0.033966795,0.37003562,0.00028033272,4.3960237e-05,4.627976e-05,0.008341885,0.57671624,0.0105688665,0.48415634,0.00015879242,0.51568484,0.9986166,0.001383427,0.7262865,-93.97405,-7.371293,E,C
89,S,0.000279985,0.0017649275,5.96922e-06,0.0006498102,0.00016214182,0.7859503,0.003347971,0.20783885,0.003215109,0.00069610093,0.99608886,0.99913055,0.00086949626,0.08628956,-74.45409,143.15067,I,C
90,L,2.0002966e-05,0.00064880704,3.172936e-07,0.00083251996,0.0004252741,0.009040799,0.0004830605,0.9885492,0.00090161094,0.001120764,0.9979777,0.9993468,0.0006532494,0.3993,-63.459026,149.25912,I,C
91,D,0.00074303424,0.99754614,2.5661355e-05,3.2824798e-06,4.369873e-06,0.00017805971,0.0009795489,0.0005199151,0.9967631,2.3906528e-05,0.0032129588,0.99921453,0.00078541023,0.39667875,-58.13205,-39.262817,E,E
92,A,0.00073542603,0.9981864,5.0342966e-05,4.113631e-06,1.4735806e-05,5.0686303e-05,0.00046873908,0.00048948626,0.99856806,3.4613473e-05,0.0013973124,0.99955267,0.000447344,0.21298659,-65.96195,-40.855244,S,E
93,V,0.000803996,0.9983217,0.00028030868,5.475014e-06,3.6377165e-05,2.7445336e-05,0.00020200816,0.0003226161,0.9994159,4.600424e-05,0.0005381483,0.999446,0.0005540607,0.027264358,-64.8394,-41.802456,B,E
94,R,0.00022586508,0.99886763,0.0005914774,4.5945317e-06,2.9496972e-05,1.1755463e-05,0.0001579741,0.00011108656,0.99959797,6.619078e-05,0.00033587345,0.99948335,0.0005166033,0.08514543,-64.0552,-41.4925,B,E
95,R,0.00011775166,0.9989158,0.0007153673,2.4369874e-06,3.6196067e-05,8.569929e-06,0.00012762005,7.635345e-05,0.99964523,7.360798e-05,0.00028112045,0.9997441,0.00025584197,0.06483421,-64.17836,-42.122665,S,E
96,A,0.00011125125,0.9991757,0.0004477704,1.2896795e-06,2.1358444e-05,8.870946e-06,0.00016499594,6.881414e-05,0.9996171,4.164755e-05,0.00034134396,0.99975985,0.00024017756,0.03171022,-64.8128,-42.275738,S,E
97,A,0.00010359036,0.9985864,0.00084274897,2.1419394e-06,2.5386853e-05,1.736286e-05,0.00033307992,8.944614e-05,0.99940217,6.0237493e-05,0.00053760747,0.9997733,0.00022671284,0.012009535,-65.33027,-41.94829,C,E
98,L,0.00016521546,0.99702555,0.0020391757,4.3305586e-06,4.3777945e-05,3.433422e-05,0.00053447834,0.0001532596,0.9990958,8.9703666e-05,0.00081456645,0.99966884,0.00033114,0.023869367,-64.84124,-41.266026,E,E
99,I,0.00031818007,0.9954401,0.0030563008,4.739897e-06,4.7570175e-05,4.5873265e-05,0.0007745253,0.0003125966,0.9985701,8.067486e-05,0.0013492123,0.9996481,0.00035193583,0.09074442,-64.24152,-40.2226,E,E
100,N,0.00039473045,0.9942677,0.0034751405,5.2214623e-06,1.7657747e-05,7.180144e-05,0.0014045959,0.00036300116,0.997519,4.6016874e-05,0.002434966,0.9997718,0.00022826063,0.060417607,-66.84154,-41.01879,S,E
101,M,0.0007884881,0.9915412,0.0049055247,1.529684e-05,2.6465552e-05,0.00013275386,0.0018955991,0.00069471804,0.9966807,6.0427814e-05,0.0032587622,0.9996481,0.00035190728,0.020190446,-66.05533,-40.189034,E,E
102,V,0.0014377547,0.9876208,0.0070489976,2.405851e-05,4.902411e-05,0.00012292052,0.00301036,0.0006863139,0.995824,0.00011042356,0.0040656123,0.99954957,0.00045043,0.10342268,-67.43959,-37.193897,E,H
103,F,0.007621114,0.95016557,0.011672944,8.472105e-05,8.6487235e-05,0.0007259043,0.027422914,0.002220312,0.9705887,0.0002451788,0.029166065,0.99941623,0.0005837434,0.21210584,-75.41008,-28.807514,E,H
104,Q,0.009279456,0.7170953,0.007718641,0.00044465708,0.00015326243,0.02152605,0.22169517,0.022087442,0.64343584,0.0007080818,0.3558561,0.9987387,0.0012612627,0.10951343,-98.51512,-9.526815,H,H
105,M,0.0052537723,0.016839853,0.0011004254,0.0033022852,0.0006259349,0.17793195,0.12351933,0.6714265,0.01688986,0.0012649274,0.98184526,0.99494064,0.0050593377,0.28129792,100.451996,157.942,C,C
106,G,0.1662921,0.45574415,0.0012515465,0.0012358979,0.00038127232,0.07680647,0.13432074,0.16396798,0.629386,0.0007699571,0.36984402,0.9922334,0.0077665523,0.3437879,-65.9548,-32.061234,H,H
107,E,0.25611332,0.478297,0.0016717705,0.000411189,0.00018053742,0.028941544,0.19923416,0.035150465,0.8004126,0.0003355166,0.19925192,0.99294704,0.0070530176,0.6607885,-66.11952,-34.896305,H,H
108,T,0.37061432,0.41683486,0.0036052277,0.0010005434,0.00047828123,0.020759622,0.12926026,0.057446897,0.8043471,0.0008583278,0.19479458,0.99080604,0.009193884,0.3487712,-66.248566,-21.613283,H,H
109,G,0.1653679,0.6778214,0.0064911097,0.0025308304,0.0009281021,0.023228038,0.059428185,0.06420447,0.8642014,0.0016624209,0.13413617,0.99316484,0.0068351226,0.05794786,-72.11565,-29.412844,H,H
110,V,0.09522523,0.6894228,0.005796979,0.0015888936,0.0004348433,0.011711359,0.1660915,0.029728394,0.7980237,0.0011553984,0.20082091,0.99589646,0.0041035954,0.38884485,-63.591724,-34.87199,H,H
111,A,0.13655668,0.35504377,0.003957855,0.00079616305,0.0004096919,0.017897775,0.44982275,0.035515305,0.5519338,0.0010977848,0.44696838,0.99661875,0.0033811887,0.57222956,-70.36833,-14.451807,T,H
112,G,0.08812806,0.58119386,0.009300197,0.0011589323,0.00033247744,0.0608906,0.1670508,0.09194504,0.6813696,0.00075175683,0.31787863,0.9982875,0.0017125298,0.08944441,-77.91043,-22.641289,H,H
113,F,0.0083375145,0.94649893,0.003208437,0.00025874123,0.00010125884,0.0051582446,0.014343087,0.02209379,0.9251801,0.00035506146,0.07446487,0.99864835,0.0013517066,0.27648813,-63.10979,-43.141945,H,H
114,T,0.004700961,0.9870106,0.0006809742,3.359117e-05,7.17502e-05,0.0007260203,0.003433568,0.0033426473,0.9892595,0.00015898337,0.01058152,0.9990188,0.0009812429,0.558271,-65.39277,-39.51315,E,H
115,N,0.0020090144,0.9948184,0.0005286494,9.965945e-06,1.3545167e-05,0.00019347227,0.0012085187,0.001218416,0.99661154,3.0372734e-05,0.0033580558,0.9993148,0.00068526604,0.051305387,-63.70751,-43.010254,B,E
116,S,0.0004831809,0.9985886,0.00014044855,2.7245726e-06,6.168872e-06,3.1174422e-05,0.00027340808,0.00047417235,0.9987942,1.47048695e-05,0.0011909655,0.9995771,0.00042287112,0.04688191,-62.351913,-42.110847,E,E
117,L,0.000687465,0.9974585,0.00024410748,4.9429996e-06,3.3338674e-05,4.374837e-05,0.0006644195,0.0008633897,0.99795234,5.5834917e-05,0.0019918315,0.99904627,0.00095366157,0.5177629,-64.46079,-41.20874,B,E
118,R,0.0009006731,0.9975987,0.0003358045,3.6947195e-06,8.571372e-06,3.273248e-05,0.00059886865,0.00052091305,0.9983942,1.5893145e-05,0.0015898322,0.99914443,0.00085560384,0.095073245,-64.26924,-42.730885,E,E
119,M,0.00062835205,0.9979049,0.0001254825,3.707047e-06,6.1375176e-06,2.2355012e-05,0.0008717163,0.00043735214,0.99769163,1.7465976e-05,0.0022908587,0.99910444,0.0008955141,0.04070505,-62.838642,-40.749016,E,E
120,L,0.0014495332,0.9764714,0.00026395344,1.3679581e-05,1.7020537e-05,0.000121838755,0.020566309,0.001096068,0.9644751,8.576288e-05,0.03543917,0.99905795,0.0009420113,0.4733326,-65.60546,-29.775583,E,E
121,Q,0.000799521,0.088874035,4.943558e-05,7.775139e-06,5.300915e-06,0.0030626378,0.90432256,0.0028787616,0.078427695,3.908184e-05,0.9215332,0.99951625,0.0004837617,0.6115675,-88.44811,7.147313,B,E
122,Q,0.00011778658,0.00061141176,1.6116714e-05,1.6846823e-06,1.5887659e-06,0.008175467,0.98365027,0.007425668,0.0019174803,1.1344124e-05,0.99807125,0.99853826,0.0014617514,0.6958833,73.12073,29.64777,B,E
123,K,0.00013393641,0.0015225926,7.708294e-06,0.0014068988,0.00035320153,0.046704575,0.002860133,0.947011,0.0022783547,0.0011307047,0.996591,0.99909985,0.00090015243,0.46088448,-106.02355,65.100334,I,C
124,R,0.010440267,0.97503316,0.0003964763,1.8871096e-05,8.334767e-06,0.0014979242,0.007464977,0.005140014,0.98602307,2.6796199e-05,0.013950134,0.9993019,0.00069802074,0.13483427,-58.725815,-39.09425,E,E
125,W,0.005363229,0.9907759,0.00019191454,6.4236287e-06,1.2824373e-05,0.00019695511,0.001799574,0.00165322,0.99679875,1.8376286e-05,0.00318275,0.9984666,0.0015334163,0.6979924,-63.960125,-39.379543,B,E
126,D,0.006328183,0.9878155,0.0006980796,2.0867774e-05,3.8664155e-05,0.00028514312,0.0024741907,0.002339534,0.99511933,5.8946378e-05,0.0048217843,0.99788827,0.0021117206,0.49815562,-69.977455,-38.20517,E,E
127,E,0.00096328894,0.99635065,0.0004599163,7.653953e-06,1.8350376e-05,0.00014232428,0.00081470236,0.0012433045,0.9969422,4.1480806e-05,0.0030163138,0.9990018,0.0009981813,0.013302929,-62.62413,-46.12319,B,E
128,A,0.0011902106,0.9944863,0.00043646403,1.525443e-05,2.8125076e-05,0.00017053117,0.001501338,0.0021717038,0.99504834,6.4274194e-05,0.0048873825,0.99715304,0.002846942,0.06731899,-61.83106,-41.474823,E,E
129,A,0.0022187245,0.9886828,0.0007489909,2.183313e-05,9.426027e-05,0.00030482278,0.003316097,0.004612477,0.9891549,0.0001313663,0.010713724,0.9951165,0.004883505,0.489533,-65.651276,-40.151363,E,H
130,V,0.003912646,0.9775344,0.0024364751,6.69946e-05,0.00012072066,0.0005756553,0.008614761,0.0067382553,0.9813262,0.00018788481,0.018485935,0.99315226,0.0068476996,0.26465675,-67.73506,-39.20592,B,H
131,N,0.009163206,0.9631441,0.0018473451,9.397513e-05,9.383077e-05,0.0009431299,0.018171621,0.0065427213,0.9718837,0.00018591555,0.027930327,0.99589646,0.004103611,0.03380288,-66.36033,-36.74434,B,H
132,L,0.02812461,0.7392307,0.0017149665,0.0004701321,0.00023758541,0.0067940177,0.20247263,0.020955376,0.76094216,0.00069866405,0.23835924,0.9941571,0.005842943,0.2863859,-71.60298,-24.76207,H,H
133,S,0.035527654,0.31200662,0.0009569929,0.00042738128,0.00034584722,0.014264219,0.60541874,0.031052545,0.39566335,0.0012223155,0.6031143,0.989815,0.010184943,0.68283445,-93.50914,-4.9404516,T,C
134,K,0.0014613002,0.005631523,3.0865664e-05,0.0012520943,0.0003866055,0.38295153,0.014035681,0.5942504,0.0071733105,0.0008387569,0.99198794,0.99195355,0.008046502,0.113624625,-85.224205,141.07895,I,C
135,S,0.11738799,0.1843324,0.0004873534,0.0014623412,0.0015609495,0.15098767,0.29509667,0.24868454,0.2995728,0.0024094325,0.6980177,0.9583694,0.04163062,0.6087071,-72.473656,-23.013226,T,C
136,R,0.19694409,0.23691523,0.0010119004,0.0011570043,0.00056273135,0.08046944,0.34571776,0.13722178,0.43646702,0.0010973933,0.56243557,0.95626676,0.043733217,0.28266877,-79.34835,-22.128174,T,C
137,W,0.30648175,0.3834336,0.005423181,0.0020922876,0.0011006141,0.050217945,0.13122588,0.12002476,0.69454825,0.0019636122,0.30348814,0.91796166,0.08203834,0.28162095,-68.482475,-29.992262,H,H
138,Y,0.21129286,0.45431212,0.0029430469,0.0008966221,0.000842513,0.029232131,0.19487351,0.10560709,0.67698544,0.0012032874,0.32181123,0.9306816,0.06931848,0.78328604,-74.04733,-23.211803,H,H
139,N,0.15031798,0.36540434,0.004969323,0.0022602559,0.00091262825,0.051876947,0.28621268,0.13804582,0.51080245,0.0019916974,0.48720592,0.9359229,0.0640771,0.40615216,-89.01472,-13.060108,H,H
140,Q,0.01824696,0.16331272,0.0015507599,0.003252849,0.0015214771,0.21267357,0.08795229,0.51148933,0.15953913,0.0032713043,0.8371896,0.9510706,0.04892947,0.17055997,-94.328766,69.71999,C,C
141,T,0.01842357,0.89574003,0.001279242,0.0002493804,0.00026452896,0.0107142,0.028683875,0.04464514,0.87779015,0.00060584437,0.12160392,0.98017544,0.019824555,0.43063042,-58.404594,-42.50257,H,H
142,P,0.020542925,0.93928826,0.0007089953,9.7726785e-05,0.00014798004,0.0024053012,0.01832098,0.018487746,0.9591342,0.00024575525,0.040620036,0.97979945,0.020200552,0.6718416,-64.56239,-35.202244,B,H
143,N,0.008218976,0.97332644,0.001147305,6.331417e-05,6.096889e-05,0.0010060832,0.007069218,0.009107756,0.9817648,0.00012284622,0.018112253,0.98965526,0.010344747,0.09968257,-68.09328,-41.047607,B,H
144,R,0.0019588466,0.990021,0.0011821814,2.6233918e-05,2.5289253e-05,0.00042858667,0.0025551766,0.0038028422,0.9912265,6.455276e-05,0.008708986,0.994835,0.00516504,0.030745883,-62.02724,-41.16226,B,E
145,A,0.001388059,0.99187344,0.000798333,1.7435174e-05,4.7331567e-05,0.00025142147,0.0022536386,0.0033704224,0.9925909,8.791519e-05,0.0073211784,0.9941375,0.0058624274,0.5083128,-64.865776,-40.303833,E,E
146,K,0.0016192817,0.9900681,0.001761517,2.433526e-05,3.7473026e-05,0.00025790435,0.0034924105,0.002739122,0.9916578,7.842728e-05,0.008263798,0.9951172,0.004882838,0.3871157,-67.873955,-39.51406,E,E
147,R,0.001106194,0.9921881,0.001702361,1.6209371e-05,1.9214349e-05,0.0003067732,0.0025591878,0.002102032,0.9936348,4.6931953e-05,0.0063182674,0.9978593,0.0021406645,0.014037613,-65.00254,-42.589603,E,E
148,V,0.0005524123,0.996033,0.0011341447,1.122125e-05,1.5314346e-05,0.000108474975,0.0009949511,0.0011504854,0.99706525,3.9413015e-05,0.0028953005,0.99810827,0.0018917586,0.07307283,-62.519554,-41.86534,E,E
149,I,0.0007074807,0.9960128,0.00084790075,6.3934363e-06,3.3702498e-05,6.56982e-05,0.00095949945,0.001366543,0.9971083,5.199444e-05,0.0028397911,0.9979144,0.0020855851,0.44358972,-65.03727,-41.141968,S,E
150,T,0.00089772075,0.9945373,0.0014150896,1.3701118e-05,3.0512158e-05,0.000103993174,0.0015491976,0.001452404,0.99590176,5.2883766e-05,0.0040454054,0.99673706,0.0032628945,0.14542535,-65.08813,-43.302975,E,E
151,T,0.0010373723,0.9916652,0.0015717783,2.4776335e-05,2.6452155e-05,0.00017307964,0.0031928578,0.0023084164,0.9915624,5.6030163e-05,0.008381621,0.9971265,0.002873506,0.04151632,-64.44191,-39.325886,E,E
152,F,0.0022304538,0.967552,0.0033816532,7.7375e-05,7.5867e-05,0.00067103724,0.021519493,0.004492029,0.9531342,0.00024330778,0.04662253,0.9923265,0.0076735835,0.49153954,-70.217735,-32.398037,B,H
153,R,0.002923664,0.7207377,0.0015971464,8.128269e-05,6.62997e-05,0.006476202,0.2566068,0.011510828,0.60573924,0.00030129604,0.3939594,0.99194884,0.008051154,0.6053502,-96.7938,-12.388746,B,H
154,T,0.0007124731,0.003893989,0.00040028102,0.00022386912,0.00031040303,0.20697202,0.33915898,0.44832796,0.0028169062,0.00028245043,0.9969007,0.9868014,0.013198591,0.4003449,78.30662,22.070284,C,C
155,G,0.002208878,0.003553167,0.00014274794,0.012566044,0.007907227,0.20739149,0.022890817,0.74333966,0.009350629,0.017670913,0.9729785,0.9641912,0.03580878,0.43258116,-96.32044,61.45386,C,C
156,T,0.0137837725,0.0109542,0.00089827256,0.04215994,0.029010655,0.20592347,0.07899173,0.6182779,0.029016387,0.052565284,0.91841835,0.9643169,0.03568317,0.09598289,-107.81664,114.61395,C,C
157,W,0.016833838,0.008536095,0.00017499358,0.014361117,0.019906176,0.05504727,0.061277423,0.823863,0.032261454,0.0347849,0.93295366,0.92782235,0.072177604,0.52363014,-94.165245,99.48835,C,C
158,D,0.044766694,0.014485581,0.00019945671,0.0062125223,0.0070092096,0.099749565,0.2122902,0.61528677,0.05335569,0.011200152,0.9354442,0.8531322,0.14686786,0.42109618,-84.19939,2.3065312,C,C
159,A,0.0057731983,0.0030094576,9.694505e-06,0.00088511733,0.0010512422,0.04473015,0.14641154,0.7981296,0.007419373,0.0013159232,0.99126464,0.7672274,0.23277257,0.70782155,-90.19084,37.322884,I,C
160,Y,0.00027600786,0.00010403616,6.80055e-07,8.051821e-05,0.00018977758,0.01758995,0.017887246,0.9638718,0.00038393878,0.00022157356,0.99939454,0.4095814,0.59041864,0.8218358,144.86467,20.067038,B,C
161,K,0.0016444532,0.0012564976,2.4488798e-05,0.0041956957,0.0071771503,0.040965583,0.013215179,0.93152094,0.0040028943,0.01131561,0.9846815,0.55321366,0.44678637,0.44664264,-92.79419,120.784706,I,C
